"0","https://placekitten.com/621/976","Serious inside else memory if","Through despite cause cause believe son would mouth relate own chair better available sure form nice government first policy daughter need kind miss artist truth trouble","123.25","46","Kids"
"1","https://placekitten.com/682/499","Report size personal partner stock","Course nothing draw whose sort language ball floor meet usually board necessary religious","718.54","21","Beauty"
"2","https://placekitten.com/649/495","Data son natural explain before something","Country cost party prevent live bed serious theory type successful together type music hospital relate every","309.67","13","Computers"
"3","https://placekitten.com/731/168","Stay information every manage political record","Break onto friend couple administration even relate head color international artist situation talk despite stage plant view own available buy country store build before street break painting","256.05","11","Outdoors"
"4","https://www.lorempixel.com/46/871","Look road article","Attorney author feeling job article level others record hospital employee toward like total now recently data should small","208.36","10","Books"
"5","https://placekitten.com/839/637","Morning bring TV program actually","Study economy night actually score from animal exactly drive well good explain grow water plant perform resource hold increase practice ability","253.06","44","Computers"
"6","https://placeimg.com/848/64/any","Civil development large report purpose","Industry product another knowledge else citizen month maintain no sense this manager fine level speak themselves speech could yourself plan base rise would I question first","280.87","0","Clothing"
"7","https://dummyimage.com/390x243","Woman put partner","Evidence without beyond take however ball ever laugh society technology card minute practice get the everything affect American race","732.84","20","Movies"
"8","https://placeimg.com/1012/939/any","Voice travel among see red","The condition heart fact catch even front happen behavior single along especially change on guess writer can boy room value film","686.57","46","Sports"
"9","https://placeimg.com/222/203/any","Few structure federal","Front something speech buy break marriage also friend reach choose coach north south yard beautiful space cup determine his better news face turn small","937.38","43","Garden"
"10","https://dummyimage.com/341x883","Institution happy write end","Boy state table agree moment sell cut market either political young something perhaps bit learn gun still bit other maintain nor","837.71","43","Garden"
"11","https://dummyimage.com/1021x413","There many true follow marriage","Future while together stand along chance either six success on responsibility southern","87.97","5","Clothing"
"12","https://dummyimage.com/677x329","Than always different American address such","Why measure too maybe off question source serious wrong section town deal movement out stay lot social home only surface something prevent a","239.51","19","Baby"
"13","https://www.lorempixel.com/786/785","Now four management energy stay significant","Political camera expert stop area along individual man tell response purpose character would in partner hit","62.64","6","Music"
"14","https://placeimg.com/709/399/any","Sing after our car food record","Book art red pass value practice wide require fast support when hold family second whatever work business team yet although hot he couple ground","829.39","4","Grocery"
"15","https://dummyimage.com/54x442","Top always effort","Simply those physical maybe model medical watch certainly through instead base bit as indeed","205.67","46","Games"
"16","https://placekitten.com/1017/664","Social issue indicate","Good building reality generation concern store discover hand others century about probably rule too","981.38","0","Tools"
"17","https://www.lorempixel.com/382/929","Hard agency painting teacher","General where candidate whom gun list fall view when player contain year bill ok choose today watch source firm drug senior fact information animal","174.32","38","Health"
"18","https://dummyimage.com/613x853","Hour reduce car","Instead PM be know hard we around impact individual rock fly daughter fall likely wear someone everybody newspaper read somebody land human should it easy law view","187.86","22","Tools"
"19","https://www.lorempixel.com/919/946","Place beat sense far store","Fear shoulder pick nation choose relationship likely question set discussion seven evidence worker building this American either","690.57","37","Health"
"20","https://www.lorempixel.com/401/174","Know second government the pull","Society figure future morning eat turn clear increase face mind off phone most","539.44","40","Home"
"21","https://www.lorempixel.com/321/252","Idea sing small factor head pick","Husband life nice federal place score design major maybe manage when know central many thought democratic green hospital year suffer without","901.32","5","Movies"
"22","https://dummyimage.com/599x464","According American per yourself their","Explain black leave form collection instead today itself language remember model can travel know smile home southern hope detail cultural vote only anyone home doctor be","245.78","23","Shoes"
"23","https://placekitten.com/609/177","Sea quality do","In approach recent program possible natural same issue lawyer effort little front amount apply glass face according as into develop part","732.07","14","Clothing"
"24","https://placekitten.com/933/665","Cover part paper beat five","Miss couple bag thank generation study economy rock feeling might his lot","934.86","15","Books"
"25","https://www.lorempixel.com/1014/897","Figure necessary across","Without leave brother bank better she increase try key baby interview senior stop always Congress majority campaign that various floor itself news","375.21","39","Electronics"
"26","https://www.lorempixel.com/558/474","Smile represent since method left plant","Past Republican common increase design they young according movement into anyone his evening wife north","301.89","43","Beauty"
"27","https://placeimg.com/478/764/any","Produce develop story drive million push","Old case administration measure happen play speech theory choice computer yard career deal trip market should wide dog car","307.3","48","Jewelery"
"28","https://placeimg.com/53/734/any","Government opportunity pick too blue","Final when new clear these speak say national region bad case I course first factor want decade firm section economic television protect process","297.11","16","Health"
"29","https://www.lorempixel.com/309/723","Public figure ground much run","Physical agency and difficult president at artist will institution throughout describe itself group computer forget would section him important enough most save rather leg","55.97","36","Baby"
"30","https://www.lorempixel.com/283/303","Important hope about","Down stock computer watch what to sea stuff no response interview ten billion pick report past always future scene heavy","821.2","2","Books"
"31","https://placekitten.com/828/691","Bed fall character door green save","War address morning explain light alone mother need various although house build get anything event yet effect quite reflect upon yet seven several might","507.03","16","Industrial"
"32","https://dummyimage.com/496x723","Break word source wall","Former section across staff north weight guy personal follow situation over would a cell analysis","165.95","21","Home"
"33","https://www.lorempixel.com/527/384","We lose water","Very everything store morning as police often walk place myself his itself find add sing standard exactly election money fish garden relationship it center accept memory","867.55","44","Tools"
"34","https://placekitten.com/467/32","His less already treatment PM sometimes","Word citizen create great record affect same number drug continue serve information of door research tell time special beyond could key assume interview house even","574.06","48","Music"
"35","https://placeimg.com/814/791/any","Particular before air action economy","Pull recent state old great notice north everything state huge TV career bank ten guess attorney response provide likely fire subject west agent hotel by year player image","187.29","38","Clothing"
"36","https://placeimg.com/256/274/any","Identify fill art","Role mind statement reality recently hold conference son spend ball company enter son","430.83","44","Computers"
"37","https://www.lorempixel.com/919/312","Site military lead travel","One political almost serious stand author possible lead draw learn city four pretty live new myself star gas spend bag into good later street mention would technology budget","416.35","1","Beauty"
"38","https://placekitten.com/847/127","Safe affect though cover","Treatment over some collection truth unit impact key page per eight finally support law Congress law enough we ask benefit ago","28.96","11","Kids"
"39","https://www.lorempixel.com/1015/975","Pattern president add lead network","Movie I situation understand agree middle student bag grow better why child might","377.28","2","Industrial"
"40","https://dummyimage.com/300x328","Heavy church nature","Policy drug these person watch lot thousand question analysis drive example color draw difficult there leg","742.05","8","Clothing"
"41","https://www.lorempixel.com/352/304","North add us accept hope","Station member although since born particularly sing purpose here ago job trial","437.36","45","Beauty"
"42","https://placekitten.com/265/835","Two hair describe hundred","It job likely different house population however ok structure your those head against particularly","623.0","15","Clothing"
"43","https://dummyimage.com/218x99","American focus something who","Agree inside thank hotel under require page claim future in opportunity you exist me value generation pick she picture send cultural whatever","232.86","46","Beauty"
"44","https://placekitten.com/768/426","Foot herself among necessary alone improve","Car party close issue huge away represent race sing nation network college debate direction moment","647.24","22","Electronics"
"45","https://dummyimage.com/837x536","Save respond friend budget while take","Physical why mouth certain heavy science new doctor trip her hope likely fill improve image best win challenge on plant","678.79","6","Garden"
"46","https://www.lorempixel.com/345/769","Other owner message entire","Action throughout stage lose board laugh once effect main simply two no","103.14","49","Outdoors"
"47","https://placeimg.com/426/897/any","Tv collection still support these military","Again care hold those north trouble upon beautiful open free medical lay lose big strategy make population line","238.26","14","Clothing"
"48","https://placeimg.com/979/805/any","Hair few participant true lead while","Begin lot sport father growth behind probably arm program only cup almost identify record own research blood list girl sister their rate drop marriage worker ever","12.75","31","Automotive"
"49","https://placeimg.com/463/752/any","Water meeting future back off","Discuss very score loss they grow his can sing husband matter likely prevent hear trouble","567.12","17","Books"
"50","https://placeimg.com/596/247/any","Win should research executive black","General during cost what material body himself home message woman with not peace put maybe","638.89","14","Books"
"51","https://www.lorempixel.com/883/99","Military ability line hour wear","Behavior customer force both something hair do analysis him above bring painting various current scientist culture ability to suffer at computer doctor","545.5","24","Industrial"
"52","https://placekitten.com/710/752","Southern job high she past especially","Political other begin war resource evening realize per probably her of process cut meet build black treat buy throw like lawyer fund indicate","495.44","5","Grocery"
"53","https://placeimg.com/840/48/any","Measure star tell law go simple","Need when simple difference drop local cell kid growth main use chance","685.69","43","Outdoors"
"54","https://dummyimage.com/251x120","Could usually piece","Already thank source she light question in court hospital skin soon which thought radio minute rich consumer type Republican organization","569.9","9","Grocery"
"55","https://www.lorempixel.com/650/402","Management production up our allow maintain","Artist drug them particular produce board whole middle under plant expert raise management","252.84","10","Shoes"
"56","https://dummyimage.com/959x137","Newspaper ground just keep production","Senior seem west hour less music throughout region again debate take one them in decision above you","179.75","33","Movies"
"57","https://placekitten.com/417/858","Final name at painting room sell","Base age speak pass tend onto when happen letter body language there wonder him second until direction opportunity very","58.68","9","Health"
"58","https://www.lorempixel.com/654/789","Phone nor as year look","Its professor while seven those budget involve all evening his gas health sort couple","711.04","34","Beauty"
"59","https://placekitten.com/1014/44","Full need claim","Case yet between night western serious edge bit avoid yourself campaign alone subject development best student describe concern professional discover","264.98","38","Tools"
"60","https://placeimg.com/411/442/any","Give especially win give yourself","Worker everybody professor show bar standard final relationship wear along particularly factor boy Republican without mention get last increase mother","537.31","7","Baby"
"61","https://placeimg.com/607/493/any","Order leg food","All structure point especially that product first natural without any remain support realize cause others skill industry old effect","410.92","34","Games"
"62","https://www.lorempixel.com/977/785","Threat remain interest college anything relationship","Ball better consumer campaign join throw gun including month matter environmental issue recently until clearly thought modern dark","199.11","14","Electronics"
"63","https://placeimg.com/371/476/any","Small control work name","During nice thing ok collection easy would federal test some score reveal so suggest artist cold","663.6","24","Automotive"
"64","https://www.lorempixel.com/23/167","His moment billion talk","Second late every include generation how risk throughout citizen drug decide animal take memory attack land late sing","868.04","8","Computers"
"65","https://dummyimage.com/608x519","Phone meeting add challenge project happen","Look safe street current however list key little fast speak tree give","837.05","38","Music"
"66","https://placeimg.com/481/386/any","How husband time fear spring","Enter cold cell our series mother treat structure positive true else feeling trade money smile create either","907.19","4","Beauty"
"67","https://dummyimage.com/2x443","Cut billion eight","Community whole growth speech across yard admit parent up story financial state hotel matter guy great old site record should add mother good decade TV culture continue","235.37","31","Health"
"68","https://www.lorempixel.com/464/5","Particularly measure only","Today all positive us maybe information forward trouble unit people research fund catch without prevent ever with participant form time back sound city","142.13","32","Computers"
"69","https://www.lorempixel.com/858/258","Next identify language provide","Significant stuff section lot rather beyond share energy size play meeting movie avoid American address simply catch but his within though finish star be hot often","296.06","3","Beauty"
"70","https://placekitten.com/817/271","Include try agree out","Identify within street national sea knowledge my night top popular open collection become light environmental deep range ten television model sing then","839.17","18","Baby"
"71","https://www.lorempixel.com/234/680","Significant strategy medical","Study form seem beat debate late radio like money ball keep since my necessary million trade century hundred themselves finish","93.36","9","Outdoors"
"72","https://placekitten.com/139/548","Alone popular break","Voice thank local option five prove performance mention discussion maybe rise sit hand society according off little happy short during agency","666.59","7","Kids"
"73","https://placeimg.com/698/551/any","Now always hand","Series think industry specific show pressure local rise general sort stay rise two seven lose probably up strategy receive rate oil defense agree lawyer","817.67","38","Sports"
"74","https://placeimg.com/295/879/any","Particularly firm foreign involve","Happy far deep while movie tend those walk draw front plan focus century service nearly movie report boy","586.75","30","Electronics"
"75","https://dummyimage.com/181x1017","Reality outside painting report","Hope memory government image room analysis what page clear newspaper ball may read information fire purpose very them history","151.77","3","Outdoors"
"76","https://placekitten.com/849/986","Work several past next final","Watch bed bag wind physical media adult process message western stage yes too dog among believe value","410.06","5","Tools"
"77","https://placekitten.com/405/568","That report sign office until particularly","Training opportunity difficult candidate direction many field same even bad together professional wind consider that admit","705.93","42","Garden"
"78","https://www.lorempixel.com/571/451","Question sense scientist bank result peace","Station science push industry certainly Mrs me wear prove lead professional kind wait PM every","928.32","12","Outdoors"
"79","https://placekitten.com/579/446","Glass evening much","Hotel compare box operation prepare might catch that trip century energy safe crime social school enter wind heavy anything strategy hope return near sign Republican notice","860.91","2","Books"
"80","https://placeimg.com/959/416/any","Pattern might offer indeed","Best I medical level president allow do believe her attorney stock defense cup man","251.95","6","Music"
"81","https://www.lorempixel.com/536/965","Candidate crime officer police it house","Generation shoulder day popular window key military deep according door line page structure face forget result professor research theory become","164.16","31","Baby"
"82","https://placeimg.com/491/36/any","Partner pressure discover carry TV","Century suddenly have quality break focus raise away tough subject customer far recently prepare scene house central baby picture","204.24","33","Garden"
"83","https://dummyimage.com/879x542","Store majority choice chance","Walk cause trouble movie view stuff federal like be happen unit big early amount","932.45","43","Electronics"
"84","https://dummyimage.com/486x249","Beat start say either none heavy","Practice physical actually century over short certain PM child shake start per attack evidence especially life sister official yeah remain center without around four","836.25","26","Electronics"
"85","https://dummyimage.com/294x507","Town worker present defense become","Floor themselves she inside mind without represent resource pretty write under fear knowledge player down positive tough fill happy last hit poor appear","375.0","32","Clothing"
"86","https://placeimg.com/546/219/any","Sign life successful season crime study","Cup they enter identify participant environmental them really debate energy religious sport price job follow result court improve","168.13","41","Industrial"
"87","https://placekitten.com/904/355","Economic seven treatment","Support improve once worry newspaper laugh benefit wear modern red pressure down PM benefit arm subject over feeling money newspaper question a","190.33","0","Movies"
"88","https://placeimg.com/497/766/any","Fund front suggest","National visit hundred billion blue right fine boy sing threat bill pattern scientist early student range know close","338.94","44","Health"
"89","https://placekitten.com/251/205","Key story agree her","Piece high either himself leg organization nice happy international south open wife owner exist","673.55","20","Grocery"
"90","https://dummyimage.com/335x381","Pick shake level season tough general","Food age listen small reflect put again big role stand consider staff week own necessary allow including level well kid activity note attention","173.39","42","Beauty"
"91","https://dummyimage.com/829x571","Rest really wait","Into name response garden trip culture far share thought soon large message exist word","113.81","22","Automotive"
"92","https://placeimg.com/579/992/any","Poor herself population seven sign","A itself eye magazine human station truth house try thus should wide return few natural fight stand one significant get interesting when financial race wrong discuss","32.5","39","Garden"
"93","https://dummyimage.com/65x468","Choose start market attorney between","Pressure would truth join issue face key when also long time blood","153.98","30","Shoes"
"94","https://placeimg.com/547/679/any","Safe figure hospital one","Art practice stock detail value plant nature day then interest amount understand hard","387.12","19","Garden"
"95","https://www.lorempixel.com/346/962","Ability person choose","Cause way night somebody baby assume since break star various item boy response knowledge may thousand music catch head sure memory ball media along these easy","956.74","50","Industrial"
"96","https://www.lorempixel.com/628/495","To more food recognize national","Painting sure whom same wall measure again ability election race decide tough control stock same","874.78","8","Garden"
"97","https://dummyimage.com/719x662","Whole stage the common","Believe soldier certain edge couple break provide drug son show whatever simple wrong newspaper allow forward hour whom inside establish son turn another wonder reveal yet possible account","890.09","17","Baby"
"98","https://placekitten.com/367/518","Pretty wish standard single","Plant color current note order impact spend question election air parent forget three doctor nature cup whom poor send through law national last people friend","455.35","23","Tools"
"99","https://placeimg.com/982/467/any","Sign admit hair","Address than could security including hot child investment yourself still say poor Democrat as usually training able treat see better child computer either total inside Mrs interesting","609.3","7","Jewelery"
"100","https://dummyimage.com/47x1023","Painting either return heart","Evening prevent image already again new weight everything specific ahead quickly hope move near model new run tonight official south senior parent","276.57","19","Shoes"
"101","https://placeimg.com/1018/646/any","At best small law campaign","Major western education game modern song difference and two enough spend practice organization fill can","184.05","9","Baby"
"102","https://www.lorempixel.com/964/159","Value create agree","Pick none none ball ground candidate life have form think person body price you half","10.31","42","Home"
"103","https://dummyimage.com/1009x771","If plan before talk want it","Special seven physical court author carry focus fact special gas class wish relate sound market best only know fish beautiful firm evening","467.95","42","Sports"
"104","https://dummyimage.com/682x3","Both focus foreign","Police college newspaper little drive require time to black her become less production religious around both place strong parent","124.09","18","Home"
"105","https://dummyimage.com/618x825","Office between table","Laugh environment front company speak end time trouble stay beat PM stage short put lay too strong forward interesting small few speak cause compare difficult","303.98","4","Games"
"106","https://placekitten.com/460/247","Trouble key between","Current pay fire market gas wind task top worry there similar adult range true even","656.99","35","Health"
"107","https://placekitten.com/769/859","Find community any","Somebody dinner former manager mind scene ago scene south ability no affect catch that area traditional property she push serve rule thus growth him power morning question","483.55","26","Beauty"
"108","https://placeimg.com/913/22/any","Hot always say notice","Simple as player use through first exactly far though garden including form entire thank kitchen","701.2","21","Beauty"
"109","https://placeimg.com/29/438/any","Provide upon yeah sense up","Idea school still up radio try condition couple year person understand back use me media onto continue machine loss","326.21","27","Electronics"
"110","https://dummyimage.com/184x193","Break voice middle reflect","None position hand benefit major friend through data difference others know expert cell style believe","248.05","45","Garden"
"111","https://placeimg.com/664/346/any","Concern reach every","National senior how artist gas this sort unit operation foreign loss manage each the arrive former within night want according","814.12","40","Garden"
"112","https://placeimg.com/930/138/any","Task same yourself front","Life ahead teach speak lay born southern feel fear choose song according foot choice space federal condition officer","206.35","5","Tools"
"113","https://placekitten.com/283/860","Ten mention laugh spring move","Reality no work collection bar drug dark wrong response suddenly wall agree tax form great","332.19","28","Shoes"
"114","https://placeimg.com/970/30/any","See we find knowledge treatment development","Democrat wife give song computer respond current wife budget save child speech represent performance cold if project trade back control","512.61","26","Shoes"
"115","https://placeimg.com/442/663/any","Baby notice movie","Respond some significant specific city paper part them just employee Mr management admit any could manage probably minute offer yeah because head nation so this per","860.26","19","Computers"
"116","https://placekitten.com/708/205","Society oil activity include audience white","Chance although address politics training hundred it start now family above ready lawyer attack simply protect something camera himself compare detail nature ahead American if executive","499.45","1","Home"
"117","https://placeimg.com/66/850/any","Picture million type speech other","Wind answer stock full road nothing defense customer family food run some Congress result every war something book notice society truth class here develop seven","169.73","35","Home"
"118","https://dummyimage.com/818x995","Kind performance sport try poor modern democratic","Rock music check close agreement box people point month smile national eight she hand and democratic know party single technology similar seem operation cover program reason","352.39","31","Home"
"119","https://dummyimage.com/697x476","Story around enter blue expect","Could her movement edge collection which tough agree move analysis its body source cut feel beat why","656.52","27","Books"
"120","https://placekitten.com/356/995","Good challenge business rule sometimes serve","Vote support much ready back song group environmental foreign threat billion worry less physical media artist she husband","632.92","20","Grocery"
"121","https://placeimg.com/139/231/any","Find cell animal ready at order","Factor blue walk water while woman travel not identify score model dinner simply clear prepare wear movement","191.59","18","Outdoors"
"122","https://dummyimage.com/382x699","Magazine east since use out","Friend bill fire through bill seat no type save local past two","647.81","18","Sports"
"123","https://placekitten.com/696/450","Thing bed among understand else","Rich seat total sound late camera provide keep remember write friend kitchen gas fly drug good gun grow","942.22","24","Computers"
"124","https://placekitten.com/45/243","Admit who ok final","Its behavior by prevent news white send guess you bar development item","845.43","40","Games"
"125","https://dummyimage.com/323x5","Expert assume every walk degree rise laugh","Yard treat begin should property ten many fine so say movie world show market understand media successful anyone candidate defense discussion cell among nice operation risk","806.9","27","Games"
"126","https://dummyimage.com/652x431","Practice how save several model","Federal family I miss anyone number easy hotel news film building finish relate eight receive environment land trouble staff follow baby job game according board whole resource","772.81","6","Games"
"127","https://placeimg.com/225/40/any","Cultural pull above us adult see","Ever travel feeling two customer season owner traditional fill address teach simply wait similar blood really child lead","458.01","17","Tools"
"128","https://www.lorempixel.com/530/974","True water short report necessary lawyer","Upon young need simply growth television growth himself game will third and mean five","355.06","48","Health"
"129","https://placekitten.com/355/735","Phone avoid stand stop space store","Make knowledge during whom box political herself society position out already agent actually whose defense compare bill should","525.6","35","Toys"
"130","https://www.lorempixel.com/866/583","Enough case action","Loss full free another mind kind religious question him amount will data school no air run win change resource occur","709.67","31","Books"
"131","https://dummyimage.com/699x561","Conference energy although well far","Accept teach short water career wind form nor affect some various watch choice cause natural imagine affect explain single share down try","482.79","49","Garden"
"132","https://placekitten.com/384/739","Garden worry put he ask","Defense modern outside voice measure under five old personal benefit close eight energy continue industry","128.66","20","Kids"
"133","https://placekitten.com/165/766","Else social from","Thank goal chance whom current old yeah interview somebody reflect she half air important truth speak behind appear","509.99","18","Clothing"
"134","https://placeimg.com/1011/870/any","Ready issue that party identify wall","Article compare television fly mean last offer hope responsibility eight west leader side look give sense fine street make case debate administration","377.05","39","Garden"
"135","https://dummyimage.com/272x519","Where dinner according system participant","Top hope station than western lose throughout statement like responsibility career season how still general","187.78","18","Automotive"
"136","https://placeimg.com/413/374/any","Employee remember out some left us","Also traditional score dark factor tell billion establish character decide candidate girl their or city bit your education expert control everything war he","543.19","16","Jewelery"
"137","https://placekitten.com/115/60","Require night personal sure whether","Parent some three onto director interesting wear base worry economic shoulder gas right yes American call statement specific head friend or try","777.45","25","Outdoors"
"138","https://www.lorempixel.com/824/295","Want require bit network deep politics","Try PM debate in reason break debate bed value sense case dog price wind","283.3","24","Games"
"139","https://placekitten.com/440/208","Current data whether exactly resource","Young meeting material deep anything town board it big also foreign boy executive year drive small smile assume hot chance","426.54","14","Toys"
"140","https://dummyimage.com/957x976","Draw always now","Than design staff forward respond bill late walk live skill course laugh civil degree now go energy cold right must body doctor","453.55","43","Computers"
"141","https://placekitten.com/644/50","Everybody figure thank woman deep different","Interview room agent some nature against answer imagine perhaps laugh popular too","501.66","6","Games"
"142","https://www.lorempixel.com/242/28","Event say son and give","Senior alone option in evidence board business choice dream low painting employee daughter miss maintain avoid direction hour various leader east them your choice their make","336.97","38","Industrial"
"143","https://www.lorempixel.com/1010/284","Near need recently hospital","Hit look lay score inside significant than discuss ask team maybe future stay rich dream memory evening small focus","420.38","13","Movies"
"144","https://dummyimage.com/335x646","Field crime drug","Soldier term each mission hair tell one live quickly world police space specific enter hope current page skill indeed four interview return","54.25","17","Toys"
"145","https://placekitten.com/484/336","Product occur add beat character pattern","Cause factor seem main point especially per east actually response kid feeling moment herself space wife present although president across human before","411.78","1","Industrial"
"146","https://dummyimage.com/1000x339","Result discussion would arrive teacher","Body my behind design show support summer type focus discuss our five purpose everything beautiful relationship song one sort blue since long economic tough also money system involve","935.53","45","Sports"
"147","https://placekitten.com/48/756","Feel wear official area","Speech right example modern yes woman at kid box run would clearly increase much right phone effect themselves action sound use walk inside","146.63","36","Jewelery"
"148","https://placeimg.com/782/378/any","Least available between lay physical","When general everything center wind note national finish song country program prove very street know rich medical carry music rest until new enter message reason expect","173.24","2","Health"
"149","https://www.lorempixel.com/876/893","Person strategy large about","Put happen discover she shoulder matter not rich foreign professor will themselves heart forget crime resource","310.97","36","Music"
"150","https://www.lorempixel.com/474/89","Nothing sit six day claim contain","How institution seek certainly explain space final and daughter main both purpose ready become leader difference ok","133.55","22","Automotive"
"151","https://placeimg.com/891/410/any","Tax financial scientist sign attention","Major newspaper rock mind walk child above lawyer teacher personal receive well condition not who future people","935.78","31","Sports"
"152","https://www.lorempixel.com/3/1009","Anything economy factor family property","Fact level never view people present decision TV industry goal position sing loss guess either not only word moment pretty concern above next role","883.62","44","Music"
"153","https://placekitten.com/890/720","Wear southern lot consider stay throughout","Answer treatment another institution whose before why like decide environment adult listen another affect wear just writer citizen sport dream despite much adult","589.59","31","Toys"
"154","https://placekitten.com/467/822","Charge author themselves other today","Manager son beyond change have five mission prevent customer move party soon","278.08","35","Baby"
"155","https://dummyimage.com/867x520","Whether model citizen government big increase","Head huge standard turn spring impact next not use section with visit door admit","44.43","1","Computers"
"156","https://placekitten.com/187/583","Some foreign piece spring","Arm seven interest enter top opportunity wish race book career brother gun small truth approach impact walk sometimes evidence today case friend daughter","556.97","22","Automotive"
"157","https://placekitten.com/776/119","Produce class PM do network expert","Left north while measure trial whose thus goal test finish responsibility recent own tonight some spend interest","849.18","46","Garden"
"158","https://placeimg.com/764/768/any","Firm instead dream","Those report reason country debate son stuff consumer any space what practice town billion painting peace half clearly left fund various eye focus school yard quality","869.98","29","Tools"
"159","https://dummyimage.com/249x61","Important word good","For data Republican face past behind just player nearly police discover lawyer assume away debate positive somebody our green account reason","890.07","0","Beauty"
"160","https://placeimg.com/297/933/any","Pay general improve run its","Provide fire hear bank main according easy around board her important sure offer trip occur accept technology all describe coach concern worker laugh action short","668.23","30","Health"
"161","https://www.lorempixel.com/203/348","Home stuff seem spend full particular","Magazine look interesting shake wife all upon say him dog onto movement we window single there reality size move red join TV trouble","919.24","16","Movies"
"162","https://www.lorempixel.com/842/1003","Describe pattern hard however sign","Instead smile happen successful human stand service public according understand happen begin actually team industry only world various","826.55","46","Tools"
"163","https://dummyimage.com/175x419","Five admit play avoid few","Office similar its foot tonight woman drive minute according capital political at film kitchen environment method myself cell","900.72","21","Outdoors"
"164","https://placeimg.com/716/923/any","Career similar idea remain","Concern law enough information which join article throughout tax gas any manager political keep attack behavior security movement power fast job game","859.46","41","Books"
"165","https://www.lorempixel.com/815/719","Wrong get land position national","Similar age option war partner determine response wide method movie painting then rate measure brother approach five anything rate significant meet","24.79","38","Music"
"166","https://dummyimage.com/332x504","Particular economy evening same trouble development","School word year establish generation TV response chance small create day party decade high clear ready past trade believe worry film ahead glass way","381.42","19","Grocery"
"167","https://placekitten.com/664/804","Heavy development nice most participant town","Movement similar certainly little talk they money something move race special away behavior and together","289.02","41","Movies"
"168","https://dummyimage.com/962x51","Under rock next week scientist recognize","Sound again professor operation next black bag wrong indeed fill Democrat left piece time on expert must small hair strong reveal future girl character event","83.19","28","Health"
"169","https://www.lorempixel.com/311/327","Someone management pressure feeling","Upon rather claim also space good from glass type structure so magazine worker official thousand whose own or","399.03","1","Movies"
"170","https://placekitten.com/612/210","Mrs budget standard very night","Training one consider financial themselves future local her front watch religious star head","444.96","36","Baby"
"171","https://dummyimage.com/978x390","Daughter indicate scientist offer issue","Anything court many ability bit mind race born building into more again help budget television message different lead book current black wide walk be","104.9","0","Baby"
"172","https://dummyimage.com/633x601","Effort leader modern within","Everything candidate rule manager forget truth current camera per hour here operation participant affect better answer almost deep travel baby","254.35","1","Movies"
"173","https://placekitten.com/1006/875","Last join list ever pull research","Summer price summer or like crime thank mean edge among direction yard trouble smile media send water happen debate view country adult represent any despite government reveal","702.53","25","Grocery"
"174","https://www.lorempixel.com/191/372","Physical sound just learn","Street contain relate require item field deal wait rate type police finally site tend staff name material standard religious base","264.3","39","Automotive"
"175","https://dummyimage.com/742x868","Eat capital culture their perhaps bill","Important son participant tree remember recent type rest name term turn unit","297.65","39","Clothing"
"176","https://placekitten.com/657/412","Spend up simple wind radio less","Agreement step test several news through way top shoulder war film Mr different admit break Republican","585.84","18","Outdoors"
"177","https://www.lorempixel.com/51/959","Fight face region go program address","Beat yourself find available artist bag difference open alone style walk four stop part agency","884.09","38","Beauty"
"178","https://dummyimage.com/349x859","Rock identify talk ago green stock","Apply ahead thought side name suddenly charge world reveal stand election affect partner seek up chance difference party spring father hospital recent","103.22","32","Home"
"179","https://placekitten.com/522/477","Detail enough suddenly office without some","Modern write event help born baby culture power range statement step ever he war modern position reduce type improve simple","583.71","21","Music"
"180","https://www.lorempixel.com/215/45","Say pass finally","Quickly record doctor network power fly believe lot result level wind finally pretty","621.1","23","Computers"
"181","https://www.lorempixel.com/511/464","Listen professor difficult player last drive","Body front indicate central himself can citizen also leave price box range forget our rule father whether model end","107.28","29","Music"
"182","https://www.lorempixel.com/369/626","Weight main fly","Data guy think condition source discuss create policy service area her eye","354.08","5","Music"
"183","https://dummyimage.com/261x590","Arm upon one start direction night much","Once vote wrong market though technology there question visit race build decision determine choice middle fill","387.69","12","Tools"
"184","https://placekitten.com/881/797","Deal left skill clear development","Give film question record heavy important decision past eight miss anyone loss ten include our company address","331.32","11","Computers"
"185","https://www.lorempixel.com/612/802","Stand evening whom","Imagine former day TV situation clearly owner statement his station movement say spend best sing laugh such carry field movement president","447.89","49","Tools"
"186","https://placekitten.com/301/279","Use friend attack guy address","Think sort dream glass raise develop west dog animal suddenly property name student company light data language his few","298.64","7","Outdoors"
"187","https://placeimg.com/308/463/any","Road social perform run firm best","Conference least money lose ago cost outside future simply finally small north follow few if available sister truth policy open size behind section rather check","742.0","23","Toys"
"188","https://placeimg.com/595/659/any","Agency nice probably international","Shake dog recognize wish including television argue back although teacher story second thing","397.11","37","Industrial"
"189","https://dummyimage.com/660x439","Third over sometimes street","Pattern thing stage stage choice enough very right right such quickly fall third former watch","849.68","12","Beauty"
"190","https://placekitten.com/263/990","Talk some third positive certain available car","Animal while kid chair maybe hold participant parent star too player natural force different stay again partner reality despite director speech sure increase other me television","230.51","9","Garden"
"191","https://www.lorempixel.com/8/488","Science understand wall","Power court child from month impact hard because popular hold memory appear yet","386.37","19","Jewelery"
"192","https://dummyimage.com/722x582","Soon college health","Prevent senior practice say behavior indeed marriage why law much modern condition a through use admit child thing number beat mission sound employee","558.77","7","Music"
"193","https://placekitten.com/650/1013","Reason run yourself until federal","Term management campaign produce decision dinner physical development Republican mean item sound left","945.84","30","Electronics"
"194","https://placekitten.com/749/340","Whom occur industry data strong relationship","Almost itself impact fund can beautiful arrive usually can at body rich budget help way pass air","135.26","12","Toys"
"195","https://placeimg.com/595/371/any","Risk meeting activity do account join","Black budget certain choose own father budget election magazine south development this painting job lay whose despite myself black hot","160.99","47","Home"
"196","https://www.lorempixel.com/40/1024","Sport prepare none they team","Response ground responsibility forget board term too item fill hope part everything","760.5","9","Outdoors"
"197","https://www.lorempixel.com/415/821","By attention among than hair level job","Shoulder me woman price yet outside now store over book community commercial price set section identify cause offer three itself seek","810.03","0","Jewelery"
"198","https://placekitten.com/199/832","Daughter take social actually parent middle","Until rich risk him decision walk account bill mean point power book from detail free remember hard fine base garden soon","963.1","40","Tools"
"199","https://placekitten.com/214/470","Pm think include how","Personal can expect catch everybody act gun voice personal we later arrive child maintain direction before enjoy life inside see wait myself before","154.88","8","Automotive"
