"55","26","61","0","Knowledge coach owner nothing","Case military turn discover crime fear fast least treatment our garden family relate matter after year","1983-03-01 06:46:26"
"92","177","90","1","Drive position wish","Town wonder until operation difference bar professor oil professor help business beautiful especially southern group door fall","1980-04-07 06:25:31"
"18","167","103","1","Defense too check event administration end","Baby just movement interesting seat language Mrs raise black everyone official up material country continue all buy or box citizen former feel throughout both name gas personal this","1972-11-19 22:49:58"
"43","78","102","2","Economic experience above education","Performance policy debate relationship what agency later image meet small road wind provide quickly low","1974-06-02 03:02:30"
"54","163","36","1","Sister positive base that","Reason television indicate gas sort manage firm card family rich act candidate surface necessary food owner identify director forward sound task","1972-01-25 12:20:59"
"96","69","61","0","Series development sit","Single produce if prove but strong key program because acco
unt final discover success reach radio still car throughout commercial interest your performance morning American condition","2011-02-17 04:00:40"
"89","34","18","5","Evidence shoulder will cup","Against despite money adult for yard as mother director much land look think off","2008-07-17 14:33:33"
"56","144","97","2","Leg sister oil blue whatever answer","Argue page important toward deal follow join opportunity writer manager statement number","2012-02-09 22:29:24"
"52","32","61","0","Course would seek consider","Near receive hear argue century value lay big sometimes art director herself true common share meeting half wait agreement available produce majority science","2018-06-07 14:56:00"
"69","198","103","0","To miss light","Civil moment trial deal material interview together article level yet would magazine","1978-11-27 22:53:44"
"49","146","64","4","Difference impact management","Month audience just really sport couple go up town end realize fire space usually detail image vote account themselves","1998-12-20 01:11:53"
"76","17","53","2","Money natural spend pass smile","Court realize rest oil official station those fish reflect price make few likely area","1970-03-31 13:36:10"
"37","72","64","3","Computer fear we next","Year third policy doctor the station time member color southern contain near nature culture","1983-05-20 06:25:25"
"29","16","108","3","Care share sit interesting","Money student near then understand however effect from program rich away option best them attack from attention including everybody","1982-03-28 23:54:12"
"39","131","90","2","One arm fill character","Student plan among relate decade on everybody author room skin laugh class paper base arm computer","1992-10-01 17:14:44"
"1","19","45","2","Practice happen walk","Agent record structure one prepare organization certainly blue side speak TV radio network language suffer land lot final safe pull magazine defense","1971-08-27 14:31:00"
"62","104","39","4","Parent story six","Book camera open always share man full especially street low black side air position inside official hold","2017-10-25 17:40:20"
"8","150","61","5","Prepare those admit","Stage report hear contain heavy upon require speak school night international else wish peace know draw better red about perhaps green score","1990-10-08 13:46:34"
"30","41","65","4","Mr force past","Once ahead team worry big indeed tree visit here give own note along play crime produce nature sea mind wonder accept measure three avoid population leave","1976-05-29 15:39:59"
"99","103","33","4","Usually site while strategy","Control suffer letter at term spend agree his performance watch sign than on bar occur surface keep role alone analysis health business indeed","1976-12-19 09:49:44"
"7","49","96","0","Thank concern action","Music others administration unit recent rise use body media discover easy agent professor show traditional show party wall half firm fish onto","2016-09-03 20:30:16"
"67","139","32","2","Big capital product open station check","Understand political girl thought analysis commercial everything what theory each once explain very perhaps rock use","1980-04-21 22:32:36"
"87","66","68","2","That suffer should rest","Account have south thank possible dream cover since various computer effort between collection talk officer tend include increase discuss no stock ball behavior into","2003-11-28 10:41:22"
"53","192","27","5","Girl likely eat bring fly","Town few majority past camera almost relationship hour able discuss beyond hit every","1971-01-10 18:20:20"
"28","73","100","3","Age star member entire child data","Sit base though less age series series the sometimes interesting him four similar career popular account shake cultural state","1984-10-17 20:40:41"
"97","167","51","5","Yard mission suggest","Page town question religious herself bill impact ask floor final close campaign agreement pick","2014-09-14 15:16:27"
"11","75","68","1","Direction job television","Individual reach four brother other tree away help likely painting way successful why list improve serious design increase color between skill admit reflect stage visit strategy","1996-04-22 23:09:49"
"19","59","65","4","Home create main","Person administration reflect history talk system effect force research special night debate say professional within allow eat position story sense painting at baby figure home officer","1996-11-09 00:02:39"
"52","25","33","4","Street six price sort manager","Along could carry especially just control local even environmental score increase audience president night member herself","1976-05-19 05:11:41"
"12","37","74","3","Smile kid society quickly","Material person cultural item national seem effort long pattern catch woman raise easy popular away war word","1982-06-17 16:44:35"
"59","8","5","5","Key develop suddenly","Successful they set red accept popular line stage democratic sing read reduce his science good major step along marriage east trial cut life fear boy","2017-11-25 13:27:07"
"84","170","64","4","New article protect American case power","Member simple model off official authority when group security some after stuff her","1982-12-05 01:55:35"
"107","146","18","3","To such true entire season","Item never eight court wide child half plant visit rather she trade federal answer","1992-04-25 08:56:20"
"45","152","102","1","Grow play design go","Rule bag offer employee get sound themselves purpose seat water nothing successful change than and again","2004-01-13 12:55:45"
"101","57","53","3","They garden through sport its","Force order discover exactly sense threat about staff style win purpose case well though seat meet quality offer measure beautiful","1997-08-30 16:51:09"
"50","10","32","5","Production old herself concern teacher","I wide campaign might south expert throw step information set into situation full north impact expert lawyer indeed response doctor watch","1986-09-25 09:08:27"
"96","101","96","0","Today north throughout","School couple finally turn mean power dog safe feeling out Mrs nearly way great a campaign source professor behavior environmental item majority police important","2019-11-02 00:54:31"
"47","23","53","1","Recently court leg many effort","Trip foot face pay customer development painting course else account listen tax from run manager","1975-02-16 11:54:10"
"81","132","32","3","Effect culture glass executive in movement","Study image education career control discussion whose although beyond important party skin single at right together coach production professor past contain investment expert something","2003-02-17 04:52:09"
"10","35","74","5","Attack break keep travel","South plan yard foot dog education little surface stand bill report coach rather many Mr something have mean once oil least floor everyone","1972-11-24 00:12:04"
"96","136","74","4","Former teach class fire perhaps join","Possible line attention take evidence any name measure among memory short now score ever","2018-12-09 16:25:42"
"94","174","33","4","Nor your education","Risk expert key many actually business community any eat also her cultural may explain move","2007-01-10 20:58:54"
"100","53","39","2","Same special cell save bank work","It draw find action with try question manager pass arm couple building animal change fund agreement relate decision certainly bill great too song tend poor out event","1999-09-04 07:16:14"
"73","122","74","1","Central billion past deep network","By term quality study central explain say arrive street report high poor energy news alone card","2016-06-12 20:27:06"
"48","6","12","2","Such begin body relationship next analysis","Whole building newspaper candidate natural lead even relationship article other image free green name list lay upon hard hundred country how down","1970-12-11 06:57:43"
"7","109","17","5","Level rule stuff police people country","Become ever play total sign back arrive financial wall beyond discussion stage another common physical she peace","1982-09-15 02:41:31"
"32","60","53","3","Would natural laugh","Box onto would behind may matter hope evening herself whatever across career","1988-03-08 03:37:24"
"83","76","79","0","Teacher the particular history walk up","Upon wonder art station line despite late collection own mother clear sound role","2003-09-14 02:21:05"
"61","48","90","4","Player old trouble","Possible chance manage position water Democrat owner authority house never agent meet figure nearly lose physical administration culture generation argue well modern","2015-07-05 16:30:43"
"107","115","68","4","Available minute floor may water group","Own key newspaper theory job free product behind suffer to remain thank show cultural political natural road last","1994-01-27 16:56:57"
"69","44","102","0","West remain so","Research from table lay white sign bed cover white common author hot role me bar so provide old clearly","1978-09-12 05:35:31"
"107","39","5","5","Factor describe theory sell","Conference travel include that real share computer politics nothing military fall certain prove theory bring computer show church such happy keep dream last within stand across could","1976-02-18 07:35:13"
"76","62","90","5","Do consumer bed color station","Popular or benefit represent who nice vote Democrat with nature property bank soon risk my others order director and support that ahead suffer process radio something","1989-05-08 19:51:02"
"14","172","32","1","Certain country mother","Shake special current each certainly season region crime son yes bad citizen break save society least tend society cold economy positive fast fight direction","1982-03-28 05:54:12"
"2","14","77","5","Commercial price popular buy have","Base court network manage let of quite all house agree until cut put tree choice someone","2000-08-18 14:01:49"
"15","19","49","2","Social successful fight nearly play success","Myself itself man off series throughout remember little argue reason own rich business team audience long structure computer police return do may bad important second computer cold","1994-02-23 11:48:48"
"55","59","77","4","Common treat stay parent","Recently computer subject firm after participant soon watch for others wear pay medical ball","2011-07-29 14:20:39"
"68","182","45","5","Arm ready foreign whose us","Recent hotel population husband impact particular central seven happen author civil stage possible guy mission way here year toward design certain clearly body whom","2019-08-12 07:23:08"
"30","48","61","0","Consumer help area piece stop","Like company office spring wear let throw election line meet modern deep particularly indicate","1976-02-01 18:53:41"
"92","144","68","5","Bar policy minute dinner at hold","Spend story the partner positive single produce almost chance recent civil analysis nothing site class class at former wife wrong nor political whose future","1981-01-02 19:38:02"
"18","1","5","2","Congress soldier reason first marriage nation","May recent cover debate decade table visit able behind it only method rate wife again significant share relate end blue remember account several thank college discover","2005-05-12 14:40:29"
"48","59","65","0","Since floor east expect he","Ten ask later doctor nothing chance community special popular do professor drive","1999-02-23 21:23:37"
"84","14","103","5","Relate maybe whose seem put","Reveal successful seem remain fact sense decade hear wide their south between interest program state certainly skill white","1984-10-09 03:56:43"
"2","185","32","0","Entire away case especially class already","Each decide source know all herself degree as billion movie eight leave for Mr forget involve well interest meet paper significant","1970-08-14 05:19:40"
"29","73","51","1","Subject vote final walk range international shoulder","None many house often police resource season audience should oil its mission claim improve value per enough enough responsibility","1992-06-29 00:14:03"
"42","118","27","2","Land rate consider research majority","Far couple none community industry admit position list during draw line page car image under miss Mr effect media claim","1986-12-04 18:17:24"
"92","21","90","1","Air yourself best pick write","Fish road young collection reduce industry interview international continue baby foot information chair","1996-02-02 20:21:22"
"64","103","17","5","Behind street fish majority","Industry hot member itself later for today clearly occur scene stand shoulder avoid Congress list community theory save home sure child","1973-04-22 15:37:21"
"20","51","32","2","Audience far life","Ball of instead tonight yet order party bit dinner join ahead church responsibility these star boy move skill effect might people recent family I history","2021-10-27 15:51:03"
"66","9","33","3","Sure edge arrive table similar bed","Nothing analysis since response citizen detail quickly involve year already partner smile finally wear each five idea authority position recently site bed foot opportunity mouth present life","2002-04-18 02:47:19"
"6","4","32","3","Improve sport both","How white visit stand mother get safe paper ready north maybe herself tend art people physical once consider","2019-02-27 15:41:42"
"61","8","108","3","Management before agent ok see","Some forward suggest happen soldier human they area threat image arm require open popular probably play","1979-08-19 01:03:24"
"106","26","64","5","Southern will speak","Develop health billion region happen weight woman and society traditional suggest event organization top through technology thing risk value two technology get boy break present authority son","2012-12-19 05:23:29"
"21","135","39","2","Charge director compare might field","Range sit today book support size city bar center these total sign know laugh laugh administration main project now its begin hair drive difference experience","2010-06-11 04:35:28"
"43","15","62","2","Know contain economic enjoy sound","Piece value education student line what professional peace seven full these technology size reflect administration adult street director peace certainly condition main","1997-12-27 17:27:58"
"77","94","39","4","Health learn west happy increase","Matter design prevent memory capital include spring house prevent check country outside create","2019-08-22 07:29:10"
"68","134","77","3","Stop blood listen","Draw century process spring health finally effort skill assume finish wish rate decision camera I write up nice certainly","2022-03-17 04:41:41"
"4","129","108","3","College ability garden rather","Rather politics lay foot respond ready meeting actually top one couple his can already side image leg quite improve kitchen","1984-06-18 14:56:09"
"52","107","5","2","Make can these","Them authority attorney audience want bad continue certain drive public food range Republican value","2022-04-13 03:45:15"
"80","145","32","3","Market building hot style might evidence","Decision many program space high about wish half watch exactly standard big affect consider occur common group example although study role travel","2004-07-19 00:01:17"
"95","14","5","5","Beat must determine","Will way ground wait accept number brother necessary can moment remain raise those similar training","2020-06-11 19:10:36"
"3","76","45","1","List she thing west growth important","Bar military manage company much both they join century old check tax relationship determine on follow","1974-11-16 08:29:37"
"49","194","65","2","More the do","Always how officer trouble measure value occur leg first senior significant again former","2015-05-21 21:51:12"
"29","140","68","4","Full church seek charge friend","Since go into hand record without significant ability always help watch oil himself study middle section nearly drive real data budget","1970-10-07 05:51:06"
"60","118","61","1","White enjoy join goal","Animal enough southern particular institution lead rock nation fall very it eat likely town unit find close weight family friend total find paper dinner hundred","1977-06-22 06:29:09"
"92","1","100","4","Rather bank condition","Recently would own increase base star person recent election wonder low public president cut table boy her environmental","1983-09-20 15:36:20"
"52","62","90","0","Shoulder blood left deal","Decision plant audience owner ok stock hand red speak agency class campaign such bag require her market individual sense five change customer participant hope likely service state","2017-10-18 01:32:25"
"72","157","51","5","Gun choose single special","Need fly north much drive report level like man write state early game different forward human customer mission suffer pattern once impact agreement according mother protect","2000-12-24 15:59:52"
"72","81","74","3","Either society write sit different","Send fact economic never sort mind job this story room recognize present pattern court bill discussion while character side drive inside nice","1974-05-25 12:47:28"
"1","106","64","0","Little open involve with piece","Cost room blue media network around animal skin event season quite affect pull thing consider region find phone itself think accept discuss leave political pressure him professional","1989-01-07 12:14:06"
"42","8","64","4","Feeling next show agreement book least","Sometimes require finally war particular apply ever many amount time instead morning agree either half official","2007-10-22 11:25:13"
"87","182","32","2","Support young compare kid","Road person national talk gun thing growth hair follow time set nor owner sell hotel western key do may job","1996-12-12 12:38:39"
"31","148","38","3","Produce again leg field activity","Hour offer report after build then hospital about write sport former bag news especially bad no agree sit night do kid apply any energy her","2005-08-06 00:37:35"
"81","188","96","3","Fill detail less lot","Hundred behind section artist road arm stuff director beyond situation cell edge three tend growth activity door","2020-04-26 14:28:46"
"59","159","108","4","Animal task language at take","Red store carry conference read its southern rest pretty deal whom feeling inside decision term some until study share agree great statement","1982-10-26 12:42:11"
"41","2","102","5","Can process experience artist","Anything executive there employee baby seven heavy music time option rich reflect onto of walk plant sign citizen however","2006-01-06 11:36:10"
"30","108","53","5","What unit visit pay","Off good much spend off plant commercial address artist strong page very site score share","2016-02-03 16:42:50"
"56","91","97","1","Box history culture sometimes happy she","Head medical usually east chance religious most become husband though huge this many term reflect shoulder every to worker treat station suffer book score within occur","1996-11-24 00:27:12"
"46","127","62","3","Ahead major good follow develop pass","Responsibility American involve enjoy growth assume foreign Mr minute although talk begin recently laugh same way process provide medical","2004-03-01 04:45:13"
"92","176","96","3","Model perhaps his already doctor","Expert here four him suffer lawyer light run decision not worker ever summer decision into fine if live newspaper","2000-10-19 03:10:28"
